Set_id;Time;Line 0;Line 1;Line 2;Line 3;Line 4;Line 5;Line 6;Line 7;Sum
0;0.000000;25886643.607835;0.000000;19053558.206817;6833085.401018;56289548.904770;0.000000;24372985.449382;31916563.455388;164352385.025210
0;0.010120;33430674.495701;0.000000;16993268.280334;6437406.215367;65302328.322790;0.000000;28977603.770613;26324724.552177;157466005.636982
0;0.020120;43430674.495701;0.000000;13993268.280334;6997406.215367;25302328.322790;0.000000;28977603.770613;26324724.552177;157466005.636982
0;0.030120;53430674.495701;0.000000;18993268.280334;6557406.215367;15302328.322790;0.000000;28977603.770613;26324724.552177;157466005.636982
0;0.040120;63430674.495701;0.000000;11993268.280334;6227406.215367;85302328.322790;0.000000;28977603.770613;26324724.552177;157466005.636982